{
    "weapon": {
        "facebook/bart-large-mnli": 0.6529548168182373,
        "MoritzLaurer/deberta-v3-large-zeroshot-v1.1-all-33": 0.009357566013932228,
        "MoritzLaurer/xtremedistil-l6-h256-mnli-fever-anli-ling-binary": 0.9368648529052734,
        "MoritzLaurer/mDeBERTa-v3-base-xnli-multilingual-nli-2mil7": 0.8553416728973389,
        "MoritzLaurer/DeBERTa-v3-large-mnli-fever-anli-ling-wanli": 0.7129856944084167
    },
    "United States": {
        "facebook/bart-large-mnli": 0.5120435953140259,
        "MoritzLaurer/deberta-v3-large-zeroshot-v1.1-all-33": 0.030582454055547714,
        "MoritzLaurer/xtremedistil-l6-h256-mnli-fever-anli-ling-binary": 0.8937380909919739,
        "MoritzLaurer/mDeBERTa-v3-base-xnli-multilingual-nli-2mil7": 0.6453831791877747,
        "MoritzLaurer/DeBERTa-v3-large-mnli-fever-anli-ling-wanli": 0.662814199924469
    },
    "plane": {
        "facebook/bart-large-mnli": 0.6127137541770935,
        "MoritzLaurer/deberta-v3-large-zeroshot-v1.1-all-33": 0.04606831073760986,
        "MoritzLaurer/xtremedistil-l6-h256-mnli-fever-anli-ling-binary": 0.0076968129724264145,
        "MoritzLaurer/mDeBERTa-v3-base-xnli-multilingual-nli-2mil7": 0.0019031875999644399,
        "MoritzLaurer/DeBERTa-v3-large-mnli-fever-anli-ling-wanli": 0.7117981910705566
    },
    "dog": {
        "facebook/bart-large-mnli": 0.4678002595901489,
        "MoritzLaurer/deberta-v3-large-zeroshot-v1.1-all-33": 8.372028241865337e-05,
        "MoritzLaurer/xtremedistil-l6-h256-mnli-fever-anli-ling-binary": 0.0022803344763815403,
        "MoritzLaurer/mDeBERTa-v3-base-xnli-multilingual-nli-2mil7": 0.00020140869310125709,
        "MoritzLaurer/DeBERTa-v3-large-mnli-fever-anli-ling-wanli": 0.5308384299278259
    },
    "weightlifting": {
        "facebook/bart-large-mnli": 0.7564117908477783,
        "MoritzLaurer/deberta-v3-large-zeroshot-v1.1-all-33": 5.032516855862923e-05,
        "MoritzLaurer/xtremedistil-l6-h256-mnli-fever-anli-ling-binary": 0.005571166984736919,
        "MoritzLaurer/mDeBERTa-v3-base-xnli-multilingual-nli-2mil7": 0.0012428557965904474,
        "MoritzLaurer/DeBERTa-v3-large-mnli-fever-anli-ling-wanli": 0.4237085282802582
    }
}